Iterações,Erro_Relativo
0,inf
1,100.0
2,10.344500607369216
3,0.812422005263398
4,0.05296117990291966
5,0.0033904369247092707
6,0.00021678578331329502
7,1.3860293059524435e-05
